Date,Adj Close,COD_release,Weeks_after_COD,Price_Subtracted,
0,05-11-2007,9.235038,1,0,0
1,12-11-2007,8.994237,0,1,-0.240801
2,19-11-2007,8.691011,0,2,-0.544027
3,26-11-2007,9.877166,0,3,0.642128
4,03-12-2007,11.946239,0,4,2.711201
5,10-12-2007,11.915026,0,5,2.679988
6,17-12-2007,12.829164,0,6,3.594126
7,24-12-2007,13.052126,0,7,3.817088
8,31-12-2007,12.414457,0,8,3.179419
9,07-01-2008,12.102314,0,9,2.867276
10,14-01-2008,11.995291,0,10,2.760253
11,21-01-2008,11.790167,0,11,2.555129
12,28-01-2008,11.785708,0,12,2.55067
13,04-02-2008,11.901649,0,13,2.666611
14,11-02-2008,12.035423,0,14,2.800385
15,18-02-2008,12.129067,0,15,2.894029
16,25-02-2008,12.137986,0,16,2.902948
17,03-03-2008,12.1692,0,17,2.934162
18,10-03-2008,12.013129,0,18,2.778091
19,17-03-2008,11.839218,0,19,2.60418
20,24-03-2008,12.1692,0,20,2.934162
21,31-03-2008,12.218252,0,21,2.983214
22,07-04-2008,12.084476,0,22,2.849438
23,14-04-2008,12.258387,0,23,3.023349
24,21-04-2008,12.191498,0,24,2.95646
25,28-04-2008,12.111232,0,25,2.876194
26,05-05-2008,14.108958,0,26,4.87392
27,12-05-2008,14.68866,0,27,5.453622
28,19-05-2008,14.644064,0,28,5.409026
29,26-05-2008,15.049853,0,29,5.814815
30,02-06-2008,15.170254,0,30,5.935216
31,09-06-2008,15.326327,0,31,6.091289
32,16-06-2008,15.986288,0,32,6.75125
33,23-06-2008,15.032017,0,33,5.796979
34,30-06-2008,13.778978,0,34,4.54394
35,07-07-2008,14.51475,0,35,5.279712
36,14-07-2008,16.606123,0,36,7.371085
37,21-07-2008,15.803464,0,37,6.568426
38,28-07-2008,15.71428,0,38,6.479242
39,04-08-2008,14.537045,0,39,5.302007
40,11-08-2008,15.228224,0,40,5.993186
41,18-08-2008,15.152416,0,41,5.917378
42,25-08-2008,14.63515,0,42,5.400112
43,01-09-2008,15.045394,0,43,5.810356
44,08-09-2008,15.616174,0,44,6.381136
45,15-09-2008,15.446723,0,45,6.211685
46,22-09-2008,14.608392,0,46,5.373354
47,29-09-2008,11.183715,0,47,1.948677
48,06-10-2008,10.309709,0,48,1.074671
49,13-10-2008,11.6118,0,49,2.376762
50,20-10-2008,10.425647,0,50,1.190609
51,27-10-2008,11.112366,0,51,1.877328
52,03-11-2008,10.933999,0,52,1.698961
53,10-11-2008,9.462456,1,0,0
54,17-11-2008,9.185987,0,1,-0.276469
55,24-11-2008,10.434567,0,2,0.972111
56,01-12-2008,9.239497,0,3,-0.222959
57,08-12-2008,8.320897,0,4,-1.141559
58,15-12-2008,8.472511,0,5,-0.989945
59,22-12-2008,7.901732,0,6,-1.560724
60,29-12-2008,8.13361,0,7,-1.328846
61,05-01-2009,8.258468,0,8,-1.203988
62,12-01-2009,8.534939,0,9,-0.927517
63,19-01-2009,8.35657,0,10,-1.105886
64,26-01-2009,7.812548,0,11,-1.649908
65,02-02-2009,8.882758,0,12,-0.579698
66,09-02-2009,8.650879,0,13,-0.811577
67,16-02-2009,8.383326,0,14,-1.07913
68,23-02-2009,8.945188,0,15,-0.517268
69,02-03-2009,9.21274,0,16,-0.249716
70,09-03-2009,8.811411,0,17,-0.651045
71,16-03-2009,8.909513,0,18,-0.552943
72,23-03-2009,9.507048,0,19,0.044592
73,30-03-2009,9.908379,0,20,0.445923
74,06-04-2009,9.533804,0,21,0.071348
75,13-04-2009,9.426781,0,22,-0.035675
76,20-04-2009,9.275169,0,23,-0.187287
77,27-04-2009,9.66758,0,24,0.205124
78,04-05-2009,10.53267,0,25,1.070214
79,11-05-2009,10.345382,0,26,0.882926
80,18-05-2009,9.935134,0,27,0.472678
81,25-05-2009,10.773465,0,28,1.311009
82,01-06-2009,11.397756,0,29,1.9353
83,08-06-2009,11.567206,0,30,2.10475
84,15-06-2009,11.48694,0,31,2.024484
85,22-06-2009,11.290734,0,32,1.828278
86,29-06-2009,11.076693,0,33,1.614237
87,06-07-2009,10.068912,0,34,0.606456
88,13-07-2009,10.434567,0,35,0.972111
89,20-07-2009,10.29187,0,36,0.829414
90,27-07-2009,10.211605,0,37,0.749149
91,03-08-2009,11.112366,0,38,1.64991
92,10-08-2009,11.317491,0,39,1.855035
93,17-08-2009,10.889406,0,40,1.42695
94,24-08-2009,10.425647,0,41,0.963191
95,31-08-2009,10.443483,0,42,0.981027
96,07-09-2009,10.550505,0,43,1.088049
97,14-09-2009,10.514831,0,44,1.052375
98,21-09-2009,11.032101,0,45,1.569645
99,28-09-2009,10.58618,0,46,1.123724
100,05-10-2009,11.290734,0,47,1.828278
101,12-10-2009,11.005345,0,48,1.542889
102,19-10-2009,10.880487,0,49,1.418031
103,26-10-2009,9.658664,0,50,0.196208
104,02-11-2009,10.033236,0,51,0.57078
105,09-11-2009,10.425647,1,0,0
106,16-11-2009,10.149177,0,1,-0.27647
107,23-11-2009,10.327544,0,2,-0.098103
108,30-11-2009,9.83703,0,3,-0.588617
109,07-12-2009,9.587315,0,4,-0.838332
110,14-12-2009,9.863787,0,5,-0.56186
111,21-12-2009,10.202686,0,6,-0.222961
112,28-12-2009,9.908379,0,7,-0.517268
113,04-01-2010,9.72109,0,8,-0.704557
114,11-01-2010,9.712173,0,9,-0.713474
115,18-01-2010,9.248413,0,10,-1.177234
116,25-01-2010,9.061129,0,11,-1.364518
117,01-02-2010,9.105721,0,12,-1.319926
118,08-02-2010,9.908379,0,13,-0.517268
119,15-02-2010,9.622989,0,14,-0.802658
120,22-02-2010,9.609571,0,15,-0.816076
121,01-03-2010,9.971169,0,16,-0.454478
122,08-03-2010,10.368935,0,17,-0.056712
123,15-03-2010,10.685336,0,18,0.259689
124,22-03-2010,10.820937,0,19,0.39529
125,29-03-2010,10.775736,0,20,0.350089
126,05-04-2010,11.281979,0,21,0.856332
127,12-04-2010,10.658215,0,22,0.232568
128,19-04-2010,10.486455,0,23,0.060808
129,26-04-2010,10.016373,0,24,-0.409274
130,03-05-2010,9.546289,0,25,-0.879358
131,10-05-2010,9.66381,0,26,-0.761837
132,17-05-2010,9.25701,0,27,-1.168637
133,24-05-2010,9.718051,0,28,-0.707596
134,31-05-2010,9.67285,0,29,-0.752797
135,07-06-2010,9.817491,0,30,-0.608156
136,14-06-2010,10.368935,0,31,-0.056712
137,21-06-2010,9.944054,0,32,-0.481593
138,28-06-2010,9.618609,0,33,-0.807038
139,05-07-2010,10.025411,0,34,-0.400236
140,12-07-2010,10.052533,0,35,-0.373114
141,19-07-2010,10.603974,0,36,0.178327
142,26-07-2010,10.739576,0,37,0.313929
143,02-08-2010,9.935013,0,38,-0.490634
144,09-08-2010,9.826531,0,39,-0.599116
145,16-08-2010,9.998293,0,40,-0.427354
146,23-08-2010,9.718051,0,41,-0.707596
147,30-08-2010,10.133891,0,42,-0.291756
148,06-09-2010,10.061572,0,43,-0.364075
149,13-09-2010,9.781332,0,44,-0.644315
150,20-09-2010,9.76325,0,45,-0.662397
151,27-09-2010,9.826531,0,46,-0.599116
152,04-10-2010,10.043493,0,47,-0.382154
153,11-10-2010,10.278536,0,48,-0.147111
154,18-10-2010,10.115811,0,49,-0.309836
155,25-10-2010,10.359893,0,50,-0.065754
156,01-11-2010,10.215254,0,51,-0.210393
157,08-11-2010,10.396053,1,0,0
158,15-11-2010,10.558775,0,1,0.162722
159,22-11-2010,10.631097,0,2,0.235044
160,29-11-2010,11.119259,0,3,0.723206
161,06-12-2010,11.065016,0,4,0.668963
162,13-12-2010,10.983657,0,5,0.587604
163,20-12-2010,11.254859,0,6,0.858806
164,27-12-2010,11.245819,0,7,0.849766
165,03-01-2011,10.938457,0,8,0.542404
166,10-01-2011,10.631097,0,9,0.235044
167,17-01-2011,10.170053,0,10,-0.226
168,24-01-2011,10.133891,0,11,-0.262162
169,31-01-2011,10.613015,0,12,0.216962
170,07-02-2011,9.745172,0,13,-0.650881
171,14-02-2011,10.007333,0,14,-0.38872
172,21-02-2011,10.043493,0,15,-0.35256
173,28-02-2011,10.188133,0,16,-0.20792
174,07-03-2011,9.989254,0,17,-0.406799
175,14-03-2011,9.591489,0,18,-0.804564
176,21-03-2011,10.076433,0,19,-0.31962
177,28-03-2011,10.103965,0,20,-0.292088
178,04-04-2011,10.223268,0,21,-0.172785
179,11-04-2011,10.305861,0,22,-0.090192
180,18-04-2011,10.388456,0,23,-0.007597
181,25-04-2011,10.443518,0,24,0.047465
182,02-05-2011,10.498581,0,25,0.102528
183,09-05-2011,10.562819,0,26,0.166766
184,16-05-2011,10.645413,0,27,0.24936
185,23-05-2011,10.507759,0,28,0.111706
186,30-05-2011,10.865664,0,29,0.469611
187,06-06-2011,10.516933,0,30,0.12088
188,13-06-2011,9.975487,0,31,-0.420566
189,20-06-2011,10.360924,0,32,-0.035129
190,27-06-2011,10.865664,0,33,0.469611
191,04-07-2011,11.076735,0,34,0.680682
192,11-07-2011,10.929902,0,35,0.533849
193,18-07-2011,11.00332,0,36,0.607267
194,25-07-2011,10.865664,0,37,0.469611
195,01-08-2011,10.489403,0,38,0.09335
196,08-08-2011,9.828654,0,39,-0.567399
197,15-08-2011,9.791946,0,40,-0.604107
198,22-08-2011,10.351748,0,41,-0.044305
199,29-08-2011,10.397633,0,42,0.00158
200,05-09-2011,10.480225,0,43,0.084172
201,12-09-2011,11.140979,0,44,0.744926
202,19-09-2011,10.755538,0,45,0.359485
203,26-09-2011,10.920725,0,46,0.524672
204,03-10-2011,11.489704,0,47,1.093651
205,10-10-2011,11.856788,0,48,1.460735
206,17-10-2011,12.379881,0,49,1.983828
207,24-10-2011,12.352352,0,50,1.956299
208,31-10-2011,12.444121,0,51,2.048068
209,07-11-2011,11.66407,1,0,0
210,14-11-2011,11.058384,0,1,-0.605686
211,21-11-2011,10.783068,0,2,-0.881002
212,28-11-2011,11.260279,0,3,-0.403791
213,05-12-2011,11.232745,0,4,-0.431325
214,12-12-2011,10.902371,0,5,-0.761699
215,19-12-2011,11.196038,0,6,-0.468032
216,26-12-2011,11.306164,0,7,-0.357906
217,02-01-2012,11.232745,0,8,-0.431325
218,09-01-2012,11.232745,0,9,-0.431325
219,16-01-2012,11.214395,0,10,-0.449675
220,23-01-2012,11.150152,0,11,-0.513918
221,30-01-2012,11.269454,0,12,-0.394616
222,06-02-2012,11.315339,0,13,-0.348731
223,13-02-2012,11.223569,0,14,-0.440501
224,20-02-2012,11.122622,0,15,-0.541448
225,27-02-2012,10.709654,0,16,-0.954416
226,05-03-2012,10.929902,0,17,-0.734168
227,12-03-2012,11.609006,0,18,-0.055064
228,19-03-2012,11.66407,0,19,0
229,26-03-2012,11.93484,0,20,0.27077
230,02-04-2012,11.813817,0,21,0.149747
231,09-04-2012,11.562459,0,22,-0.101611
232,16-04-2012,11.357649,0,23,-0.306421
233,23-04-2012,11.944151,0,24,0.280081
234,30-04-2012,11.506601,0,25,-0.157469
235,07-05-2012,11.776578,0,26,0.112508
236,14-05-2012,11.143529,0,27,-0.520541
237,21-05-2012,11.394887,0,28,-0.269183
238,28-05-2012,10.845624,0,29,-0.818446
239,04-06-2012,11.013196,0,30,-0.650874
240,11-06-2012,10.650123,0,31,-1.013947
241,18-06-2012,10.975957,0,32,-0.688113
242,25-06-2012,11.162148,0,33,-0.501922
243,02-07-2012,11.208696,0,34,-0.455374
244,09-07-2012,11.264553,0,35,-0.399517
245,16-07-2012,11.180768,0,36,-0.483302
246,23-07-2012,11.15284,0,37,-0.51123
247,30-07-2012,10.352217,0,38,-1.311853
248,06-08-2012,10.836314,0,39,-0.827756
249,13-08-2012,11.264553,0,40,-0.399517
250,20-08-2012,10.93872,0,41,-0.72535
251,27-08-2012,10.94803,0,42,-0.71604
252,03-09-2012,11.190077,0,43,-0.473993
253,10-09-2012,11.273863,0,44,-0.390207
254,17-09-2012,11.245934,0,45,-0.418136
255,24-09-2012,10.501171,0,46,-1.162899
256,01-10-2012,10.51979,0,47,-1.14428
257,08-10-2012,10.389456,0,48,-1.274614
258,15-10-2012,10.408074,0,49,-1.255996
259,22-10-2012,10.045003,0,50,-1.619067
260,29-10-2012,10.389456,0,51,-1.274614
261,05-11-2012,9.923979,0,52,-1.740091
262,12-11-2012,10.287052,1,0,0
263,19-11-2012,10.463932,0,1,0.17688
264,26-11-2012,10.668742,0,2,0.38169
265,03-12-2012,10.557029,0,3,0.269977
266,10-12-2012,10.622194,0,4,0.335142
267,17-12-2012,9.914667,0,5,-0.372385
268,24-12-2012,9.830885,0,6,-0.456167
269,31-12-2012,10.398766,0,7,0.111714
270,07-01-2013,10.724598,0,8,0.437546
271,14-01-2013,10.575647,0,9,0.288595
272,21-01-2013,10.603577,0,10,0.316525
273,28-01-2013,10.845624,0,11,0.558572
274,04-02-2013,12.484104,0,12,2.197052
275,11-02-2013,13.37782,0,13,3.090768
276,18-02-2013,13.508154,0,14,3.221102
277,25-02-2013,13.359202,0,15,3.07215
278,04-03-2013,13.815371,0,16,3.528319
279,11-03-2013,13.638488,0,17,3.351436
280,18-03-2013,13.349892,0,18,3.06284
281,25-03-2013,13.742239,0,19,3.455187
282,01-04-2013,13.610192,0,20,3.32314
283,08-04-2013,13.827127,0,21,3.540075
284,15-04-2013,13.44985,0,22,3.162798
285,22-04-2013,13.978036,0,23,3.690984
286,29-04-2013,14.317583,0,24,4.030531
287,06-05-2013,14.100651,0,25,3.813599
288,13-05-2013,14.091218,0,26,3.804166
289,20-05-2013,14.723153,0,27,4.436101
290,27-05-2013,13.610192,0,28,3.32314
291,03-06-2013,13.893149,0,29,3.606097
292,10-06-2013,13.732807,0,30,3.445755
293,17-06-2013,12.780189,0,31,2.493137
294,24-06-2013,13.44985,0,32,3.162798
295,01-07-2013,13.827127,0,33,3.540075
296,08-07-2013,14.157242,0,34,3.87019
297,15-07-2013,14.647697,0,35,4.360645
298,22-07-2013,16.46805,0,36,6.180998
299,29-07-2013,17.052824,0,37,6.765772
300,05-08-2013,16.251118,0,38,5.964066
301,12-08-2013,16.317141,0,39,6.030089
302,19-08-2013,15.770091,0,40,5.483039
303,26-08-2013,15.392816,0,41,5.105764
304,02-09-2013,16.005886,0,42,5.718834
305,09-09-2013,16.005886,0,43,5.718834
306,16-09-2013,16.02475,0,44,5.737698
307,23-09-2013,15.86441,0,45,5.577358
308,30-09-2013,15.921002,0,46,5.63395
309,07-10-2013,16.109636,0,47,5.822584
310,14-10-2013,16.590664,0,48,6.303612
311,21-10-2013,16.354868,0,49,6.067816
312,28-10-2013,15.751228,0,50,5.464176
313,04-11-2013,16.100206,1,0,0
314,11-11-2013,16.71328,0,1,0.613074
315,18-11-2013,16.23225,0,2,0.132044
316,25-11-2013,16.23225,0,3,0.132044
317,02-12-2013,16.222822,0,4,0.122616
318,09-12-2013,15.817249,0,5,-0.282957
319,16-12-2013,16.854757,0,6,0.754551
320,23-12-2013,16.807596,0,7,0.70739
321,30-12-2013,17.250896,0,8,1.15069
322,06-01-2014,17.147146,0,9,1.04694
323,13-01-2014,15.996458,0,10,-0.103748
324,20-01-2014,15.722932,0,11,-0.377274
325,27-01-2014,16.156796,0,12,0.05659
326,03-02-2014,18.524197,0,13,2.423991
327,10-02-2014,18.675106,0,14,2.5749
328,17-02-2014,18.599651,0,15,2.499445
329,24-02-2014,18.250675,0,16,2.150469
330,03-03-2014,18.967499,0,17,2.867293
331,10-03-2014,19.806932,0,18,3.706726
332,17-03-2014,19.599432,0,19,3.499226
333,24-03-2014,19.473644,0,20,3.373438
334,31-03-2014,19.159399,0,21,3.059193
335,07-04-2014,18.130962,0,22,2.030756
336,14-04-2014,18.749929,0,23,2.649723
337,21-04-2014,18.530907,0,24,2.430701
338,28-04-2014,18.987991,0,25,2.887785
339,05-05-2014,19.797411,0,26,3.697205
340,12-05-2014,19.37842,0,27,3.278214
341,19-05-2014,19.692663,0,28,3.592457
342,26-05-2014,19.787889,0,29,3.687683
343,02-06-2014,19.921202,0,30,3.820996
344,09-06-2014,20.387808,0,31,4.287602
345,16-06-2014,20.959164,0,32,4.858958
346,23-06-2014,20.873463,0,33,4.773257
347,30-06-2014,21.587652,0,34,5.487446
348,07-07-2014,21.368633,0,35,5.268427
349,14-07-2014,21.835239,0,36,5.735033
350,21-07-2014,21.892378,0,37,5.792172
351,28-07-2014,21.368633,0,38,5.268427
352,04-08-2014,21.463861,0,39,5.363655
353,11-08-2014,22.244709,0,40,6.144503
354,18-08-2014,22.025686,0,41,5.92548
355,25-08-2014,22.416117,0,42,6.315911
356,01-09-2014,22.873198,0,43,6.772992
357,08-09-2014,22.273277,0,44,6.173071
358,15-09-2014,20.778233,0,45,4.678027
359,22-09-2014,20.235449,0,46,4.135243
360,29-09-2014,19.72123,0,47,3.621024
361,06-10-2014,17.816719,0,48,1.716513
362,13-10-2014,17.950033,0,49,1.849827
363,20-10-2014,18.254753,0,50,2.154547
364,27-10-2014,18.997517,0,51,2.897311
365,03-11-2014,19.664095,1,0,0
366,10-11-2014,19.140356,0,1,-0.523739
367,17-11-2014,20.159266,0,2,0.495171
368,24-11-2014,20.616354,0,3,0.952259
369,01-12-2014,20.749666,0,4,1.085571
370,08-12-2014,18.949902,0,5,-0.714193
371,15-12-2014,19.283192,0,6,-0.380903
372,22-12-2014,19.445076,0,7,-0.219019
373,29-12-2014,19.168922,0,8,-0.495173
374,05-01-2015,17.997646,0,9,-1.666449
375,12-01-2015,19.283192,0,10,-0.380903
376,19-01-2015,19.664095,0,11,0
377,26-01-2015,19.902159,0,12,0.238064
378,02-02-2015,21.054388,0,13,1.390293
379,09-02-2015,22.006647,0,14,2.342552
380,16-02-2015,22.197096,0,15,2.533001
381,23-02-2015,22.206621,0,16,2.542526
382,02-03-2015,21.968557,0,17,2.304462
383,09-03-2015,21.892378,0,18,2.228283
384,16-03-2015,22.301844,0,19,2.637749
385,23-03-2015,21.673355,0,20,2.00926
386,30-03-2015,21.77976,0,21,2.115665
387,06-04-2015,22.058743,0,22,2.394648
388,13-04-2015,21.943298,0,23,2.279203
389,20-04-2015,23.030367,0,24,3.366272
390,27-04-2015,22.174179,0,25,2.510084
391,04-05-2015,24.098186,0,26,4.434091
392,11-05-2015,24.45413,0,27,4.790035
393,18-05-2015,24.521471,0,28,4.857376
394,25-05-2015,24.300211,0,29,4.636116
395,01-06-2015,24.790833,0,30,5.126738
396,08-06-2015,24.434887,0,31,4.770792
397,15-06-2015,24.05971,0,32,4.395615
398,22-06-2015,24.088572,0,33,4.424477
399,29-06-2015,23.694145,0,34,4.03005
400,06-07-2015,24.396408,0,35,4.732313
401,13-07-2015,24.829311,0,36,5.165216
402,20-07-2015,25.185253,0,37,5.521158
403,27-07-2015,24.810072,0,38,5.145977
404,03-08-2015,27.686464,0,39,8.022369
405,10-08-2015,27.590261,0,40,7.926166
406,17-08-2015,26.185736,0,41,6.521641
407,24-08-2015,28.109741,0,42,8.445646
408,31-08-2015,27.032301,0,43,7.368206
409,07-09-2015,28.042402,0,44,8.378307
410,14-09-2015,29.91831,0,45,10.254215
411,21-09-2015,30.841835,0,46,11.17774
412,28-09-2015,30.264631,0,47,10.600536
413,05-10-2015,30.851454,0,48,11.187359
414,12-10-2015,32.871658,0,49,13.207563
415,19-10-2015,33.573925,0,50,13.90983
416,26-10-2015,33.43924,0,51,13.775145
417,02-11-2015,33.670128,1,0,0
418,09-11-2015,33.275703,0,1,-0.394425
419,16-11-2015,36.084747,0,2,2.414619
420,23-11-2015,35.825016,0,3,2.154888
421,30-11-2015,37.412323,0,4,3.742195
422,07-12-2015,35.805775,0,5,2.135647
423,14-12-2015,37.008278,0,6,3.33815
424,21-12-2015,37.441174,0,7,3.771046
425,28-12-2015,37.239159,0,8,3.569031
426,04-01-2016,34.353142,0,9,0.683014
427,11-01-2016,33.583546,0,10,-0.086582
428,18-01-2016,34.555168,0,11,0.88504
429,25-01-2016,33.49696,0,12,-0.173168
430,01-02-2016,29.369968,0,13,-4.30016
431,08-02-2016,27.051542,0,14,-6.618586
432,15-02-2016,29.042887,0,15,-4.627241
433,22-02-2016,30.678293,0,16,-2.991835
434,29-02-2016,30.004892,0,17,-3.665236
435,07-03-2016,30.322351,0,18,-3.347777
436,14-03-2016,30.976515,0,19,-2.693613
437,21-03-2016,30.986135,0,20,-2.683993
438,28-03-2016,33.11216,0,21,-0.557968
439,04-04-2016,32.945198,0,22,-0.72493
440,11-04-2016,33.527096,0,23,-0.143032
441,18-04-2016,33.604683,0,24,-0.065445
442,25-04-2016,33.430107,0,25,-0.240021
443,02-05-2016,36.727543,0,26,3.057415
444,09-05-2016,37.134869,0,27,3.464741
445,16-05-2016,36.397797,0,28,2.727669
446,23-05-2016,38.153194,0,29,4.483066
447,30-05-2016,36.66935,0,30,2.999222
448,06-06-2016,36.630554,0,31,2.960426
449,13-06-2016,36.931206,0,32,3.261078
450,20-06-2016,35.864388,0,33,2.19426
451,27-06-2016,38.415043,0,34,4.744915
452,04-07-2016,40.044369,0,35,6.374241
453,11-07-2016,40.926914,0,36,7.256786
454,18-07-2016,40.189838,0,37,6.51971
455,25-07-2016,38.948456,0,38,5.278328
456,01-08-2016,39.336388,0,39,5.66626
457,08-08-2016,39.898888,0,40,6.22876
458,15-08-2016,38.773888,0,41,5.10376
459,22-08-2016,39.811604,0,42,6.141476
460,29-08-2016,41.508808,0,43,7.83868
461,05-09-2016,41.014198,0,44,7.34407
462,12-09-2016,43.079937,0,45,9.409809
463,19-09-2016,43.021751,0,46,9.351623
464,26-09-2016,42.963554,0,47,9.293426
465,03-10-2016,42.59502,0,48,8.924892
466,10-10-2016,42.37196,0,49,8.701832
467,17-10-2016,43.19632,0,50,9.526192
468,24-10-2016,42.013126,0,51,8.342998
469,31-10-2016,40.441998,1,0,0
470,07-11-2016,38.221081,0,1,-2.220917
471,14-11-2016,37.231853,0,2,-3.210145
472,21-11-2016,36.097149,0,3,-4.344849
473,28-11-2016,34.632702,0,4,-5.809296
474,05-12-2016,35.680122,0,5,-4.761876
475,12-12-2016,35.369774,0,6,-5.072224
476,19-12-2016,35.398869,0,7,-5.043129
477,26-12-2016,35.020638,0,8,-5.42136
478,02-01-2017,36.766335,0,9,-3.675663
479,09-01-2017,37.77496,0,10,-2.667038
480,16-01-2017,37.794353,0,11,-2.647645
481,23-01-2017,38.415043,0,12,-2.026955
482,30-01-2017,38.802975,0,13,-1.639023
483,06-02-2017,45.805164,0,14,5.363166
484,13-02-2017,43.96249,0,15,3.520492
485,20-02-2017,44.17585,0,16,3.733852
486,27-02-2017,45.649994,0,17,5.207996
487,06-03-2017,47.71574,0,18,7.273742
488,13-03-2017,47.64785,0,19,7.205852
489,20-03-2017,47.638149,0,20,7.196151
490,27-03-2017,48.355824,0,21,7.913826
491,03-04-2017,48.407936,0,22,7.965938
492,10-04-2017,47.246777,0,23,6.804779
493,17-04-2017,48.66164,0,24,8.219642
494,24-04-2017,50.983974,0,25,10.541976
495,01-05-2017,52.525688,0,26,12.08369
496,08-05-2017,54.652866,0,27,14.210868
497,15-05-2017,54.52602,0,28,14.084022
498,22-05-2017,56.867863,0,29,16.425865
499,29-05-2017,58.204674,0,30,17.762676
500,05-06-2017,56.62392,0,31,16.181922
501,12-06-2017,57.375263,0,32,16.933265
502,19-06-2017,58.975529,0,33,18.533531
503,26-06-2017,56.175064,0,34,15.733066
504,03-07-2017,56.682472,0,35,16.240474
505,10-07-2017,59.278015,0,36,18.836017
506,17-07-2017,59.453655,0,37,19.011657
507,24-07-2017,59.96106,0,38,19.519062
508,31-07-2017,60.507484,0,39,20.065486
509,07-08-2017,59.268261,0,40,18.826263
510,14-08-2017,60.507484,0,41,20.065486
511,21-08-2017,61.063679,0,42,20.621681
512,28-08-2017,63.542133,0,43,23.100135
513,04-09-2017,63.356735,0,44,22.914737
514,11-09-2017,63.425041,0,45,22.983043
515,18-09-2017,62.351692,0,46,21.909694
516,25-09-2017,62.946911,0,47,22.504913
517,02-10-2017,61.717442,0,48,21.275444
518,09-10-2017,59.600021,0,49,19.158023
519,16-10-2017,61.112469,0,50,20.670471
520,23-10-2017,62.585876,0,51,22.143878
521,30-10-2017,61.668652,1,0,0
522,06-11-2017,61.473499,0,1,-0.195153
523,13-11-2017,62.546844,0,2,0.878192
524,20-11-2017,64.430084,0,3,2.761432
525,27-11-2017,60.458694,0,4,-1.209958
526,04-12-2017,60.917313,0,5,-0.751339
527,11-12-2017,65.113121,0,6,3.444469
528,18-12-2017,62.946911,0,7,1.278259
529,25-12-2017,61.785748,0,8,0.117096
530,01-01-2018,64.761841,0,9,3.093189
531,08-01-2018,68.655167,0,10,6.986515
532,15-01-2018,68.860077,0,11,7.191425
533,22-01-2018,70.762817,0,12,9.094165
534,29-01-2018,69.689484,0,13,8.020832
535,05-02-2018,65.454636,0,14,3.785984
536,12-02-2018,68.489288,0,15,6.820636
537,19-02-2018,70.32373,0,16,8.655078
538,26-02-2018,72.216721,0,17,10.548069
539,05-03-2018,76.324715,0,18,14.656063
540,12-03-2018,69.943184,0,19,8.274532
541,19-03-2018,66.391373,0,20,4.722721
542,26-03-2018,65.825432,0,21,4.15678
543,02-04-2018,63.320461,0,22,1.651809
544,09-04-2018,64.61512,0,23,2.946468
545,16-04-2018,65.027061,0,24,3.358409
546,23-04-2018,64.526855,0,25,2.858203
547,30-04-2018,68.499092,0,26,6.83044
548,07-05-2018,70.32338,0,27,8.654728
549,14-05-2018,70.607811,0,28,8.939159
550,21-05-2018,70.08799,0,29,8.419338
551,28-05-2018,71.627846,0,30,9.959194
552,04-06-2018,72.863663,0,31,11.195011
553,11-06-2018,75.923759,0,32,14.255107
554,18-06-2018,74.52121,0,33,12.852558
555,25-06-2018,74.854683,0,34,13.186031
556,02-07-2018,75.707977,0,35,14.039325
557,09-07-2018,79.935226,0,36,18.266574
558,16-07-2018,78.12075,0,37,16.452098
559,23-07-2018,73.913109,0,38,12.244457
560,30-07-2018,69.950676,0,39,8.282024
561,06-08-2018,69.254311,0,40,7.585659
562,13-08-2018,67.822342,0,41,6.15369
563,20-08-2018,72.667496,0,42,10.998844
564,27-08-2018,70.715698,0,43,9.047046
565,03-09-2018,72.157478,0,44,10.488826
566,10-09-2018,79.709633,0,45,18.040981
567,17-09-2018,78.748451,0,46,17.079799
568,24-09-2018,81.592781,0,47,19.924129
569,01-10-2018,78.061897,0,48,16.393245
570,08-10-2018,76.423965,1,0,0
571,15-10-2018,68.410828,0,1,-8.013137
572,22-10-2018,67.518288,0,2,-8.905677
573,29-10-2018,67.665413,0,3,-8.758552
574,05-11-2018,53.953823,0,4,-22.470142
575,12-11-2018,49.961967,0,5,-26.461998
576,19-11-2018,49.089058,0,6,-27.334907
577,26-11-2018,48.922321,0,7,-27.501644
578,03-12-2018,46.323196,0,8,-30.100769
579,10-12-2018,46.833214,0,9,-29.590751
580,17-12-2018,44.969692,0,10,-31.454273
581,24-12-2018,45.901455,0,11,-30.52251
582,31-12-2018,46.264351,0,12,-30.159614
583,07-01-2019,45.646446,0,13,-30.777519
584,14-01-2019,47.715935,0,14,-28.70803
585,21-01-2019,46.882256,0,15,-29.541709
586,28-01-2019,45.126617,0,16,-31.297348
587,04-02-2019,42.576542,0,17,-33.847423
588,11-02-2019,43.743694,0,18,-32.680271
589,18-02-2019,40.703213,0,19,-35.720752
590,25-02-2019,42.017483,0,20,-34.406482
591,04-03-2019,41.223034,0,21,-35.200931
592,11-03-2019,43.773117,0,22,-32.650848
593,18-03-2019,45.970108,0,23,-30.453857
594,25-03-2019,44.655842,0,24,-31.768123
595,01-04-2019,46.754635,0,25,-29.66933
596,08-04-2019,46.744743,0,26,-29.679222
597,15-04-2019,44.797047,0,27,-31.626918
598,22-04-2019,47.604897,0,28,-28.819068
599,29-04-2019,46.616219,0,29,-29.807746
600,06-05-2019,45.499008,0,30,-30.924957
601,13-05-2019,45.864822,0,31,-30.559143
602,20-05-2019,41.811237,0,32,-34.612728
603,27-05-2019,42.879009,0,33,-33.544956
604,03-06-2019,44.866261,0,34,-31.557704
605,10-06-2019,45.103535,0,35,-31.32043
606,17-06-2019,45.390255,0,36,-31.03371
607,24-06-2019,46.665653,0,37,-29.758312
608,01-07-2019,47.604897,0,38,-28.819068
609,08-07-2019,46.665653,0,39,-29.758312
610,15-07-2019,44.628975,0,40,-31.79499
611,22-07-2019,47.446709,0,41,-28.977256
612,29-07-2019,48.46505,0,42,-27.958915
613,05-08-2019,47.515915,0,43,-28.90805
614,12-08-2019,46.131763,0,44,-30.292202
615,19-08-2019,46.794182,0,45,-29.629783
616,26-08-2019,50.027161,0,46,-26.396804
617,02-09-2019,53.962105,0,47,-22.46186
618,09-09-2019,55.316593,0,48,-21.107372
619,16-09-2019,54.140064,0,49,-22.283901
620,23-09-2019,51.737579,0,50,-24.686386
621,30-09-2019,54.812366,0,51,-21.611599
622,07-10-2019,54.199387,0,52,-22.224578
623,14-10-2019,53.922558,0,53,-22.501407
624,21-10-2019,54.634403,1,0,0
625,28-10-2019,55.188065,0,1,0.553662
626,04-11-2019,53.685272,0,2,-0.949131
627,11-11-2019,52.835007,0,3,-1.799396
628,18-11-2019,52.439537,0,4,-2.194866
629,25-11-2019,54.209274,0,5,-0.425129
630,02-12-2019,54.584972,0,6,-0.049431
631,09-12-2019,57.986031,0,7,3.351628
632,16-12-2019,58.549576,0,8,3.915173
633,23-12-2019,58.519913,0,9,3.88551
634,30-12-2019,58.005798,0,10,3.371395
635,06-01-2020,58.282631,0,11,3.648228
636,13-01-2020,60.546707,0,12,5.912304
637,20-01-2020,58.727539,0,13,4.093136
638,27-01-2020,57.817951,0,14,3.183548
639,03-02-2020,60.833424,0,15,6.199021
640,10-02-2020,62.800896,0,16,8.166493
641,17-02-2020,62.662479,0,17,8.028076
642,24-02-2020,57.471912,0,18,2.837509
643,02-03-2020,59.291084,0,19,4.656681
644,09-03-2020,58.371616,1,0,0
645,16-03-2020,51.460743,0,1,-6.910873
646,23-03-2020,56.315159,0,2,-2.056457
647,30-03-2020,59.300972,0,3,0.929356
648,06-04-2020,59.775536,0,4,1.40392
649,13-04-2020,66.122856,0,5,7.75124
650,20-04-2020,66.328842,0,6,7.957226
651,27-04-2020,64.408142,0,7,6.036526
652,04-05-2020,72.787567,0,8,14.415951
653,11-05-2020,73.563812,0,9,15.192196
654,18-05-2020,72.727859,0,10,14.356243
655,25-05-2020,71.633163,0,11,13.261547
656,01-06-2020,69.095451,0,12,10.723835
657,08-06-2020,71.334602,0,13,12.962986
658,15-06-2020,76.210999,0,14,17.839383
659,22-06-2020,76.03186,0,15,17.660244
660,29-06-2020,77.136513,0,16,18.764897
661,06-07-2020,80.878395,0,17,22.506779
662,13-07-2020,78.26107,0,18,19.889454
663,20-07-2020,79.604561,0,19,21.232945
664,27-07-2020,82.231842,0,20,23.860226
665,03-08-2020,82.072617,0,21,23.701001
666,10-08-2020,80.012589,0,22,21.640973
667,17-08-2020,82.809044,0,23,24.437428
668,24-08-2020,82.809044,0,24,24.437428
669,31-08-2020,78.629288,0,25,20.257672
670,07-09-2020,77.594299,0,26,19.222683
671,14-09-2020,79.704079,0,27,21.332463
672,21-09-2020,80.589798,0,28,22.218182
673,28-09-2020,77.922707,0,29,19.551091
674,05-10-2020,77.833138,0,30,19.461522
675,12-10-2020,80.231529,0,31,21.859913
676,19-10-2020,80.649506,0,32,22.27789
677,26-10-2020,75.365097,0,33,16.993481
678,02-11-2020,78.430244,0,34,20.058628
679,09-11-2020,77.176323,1,0,0
680,16-11-2020,76.43988,0,1,-0.736443
681,23-11-2020,77.763474,0,2,0.587151
682,30-11-2020,80.490273,0,3,3.31395
683,07-12-2020,83.276787,0,4,6.100464
684,14-12-2020,89.934547,0,5,12.758224
685,21-12-2020,90.521706,0,6,13.345383
686,28-12-2020,92.402596,0,7,15.226273
687,04-01-2021,90.860069,0,8,13.683746
688,11-01-2021,90.253006,0,9,13.076683
689,18-01-2021,93.974983,0,10,16.79866
690,25-01-2021,90.561508,0,11,13.385185
691,01-02-2021,101.120384,0,12,23.944061
692,08-02-2021,103.309784,0,13,26.133461
693,15-02-2021,100.314293,0,14,23.13797
694,22-02-2021,95.1493,0,15,17.972977
695,01-03-2021,92.133896,0,16,14.957573
696,08-03-2021,92.591682,0,17,15.415359
697,15-03-2021,90.053963,0,18,12.87764
698,22-03-2021,91.954765,0,19,14.778442
699,29-03-2021,95.079636,0,20,17.903313
700,05-04-2021,95.318474,0,21,18.142151
701,12-04-2021,96.015106,0,22,18.838783
702,19-04-2021,93.019997,0,23,15.843674
703,26-04-2021,91.190002,0,24,14.013679
704,03-05-2021,94.800003,0,25,17.62368
705,10-05-2021,93.169998,0,26,15.993675
